{
  "custom": {},
  "params": {},
  "props": {
    "defaultSize": {
      "height": 750,
      "width": 700
    }
  },
  "root": {
    "children": [
      {
        "events": {
          "dom": {
            "onClick": {
              "config": {
                "params": {},
                "view": "Supervision"
              },
              "scope": "C",
              "type": "nav"
            }
          }
        },
        "meta": {
          "name": "Button"
        },
        "position": {
          "height": 35,
          "rotate": {
            "anchor": "0% -135%"
          },
          "width": 100,
          "x": 574,
          "y": 223
        },
        "props": {
          "style": {
            "backgroundColor": "#555555"
          },
          "text": "Supervisión"
        },
        "type": "ia.input.button"
      },
      {
        "events": {
          "dom": {
            "onClick": {
              "config": {
                "params": {},
                "view": "View"
              },
              "scope": "C",
              "type": "nav"
            }
          }
        },
        "meta": {
          "name": "Button_0"
        },
        "position": {
          "height": 35,
          "rotate": {
            "anchor": "0% -135%"
          },
          "width": 100,
          "x": 574,
          "y": 173
        },
        "props": {
          "style": {
            "backgroundColor": "#555555"
          },
          "text": "Principal"
        },
        "type": "ia.input.button"
      },
      {
        "events": {
          "dom": {
            "onClick": {
              "config": {
                "params": {},
                "view": "Historicos"
              },
              "scope": "C",
              "type": "nav"
            }
          }
        },
        "meta": {
          "name": "Button_1"
        },
        "position": {
          "height": 35,
          "rotate": {
            "anchor": "0% -135%"
          },
          "width": 100,
          "x": 574,
          "y": 273
        },
        "props": {
          "style": {
            "backgroundColor": "#555555"
          },
          "text": "Historicos"
        },
        "type": "ia.input.button"
      },
      {
        "events": {
          "dom": {
            "onClick": {
              "config": {
                "params": {},
                "view": "Alarmas"
              },
              "scope": "C",
              "type": "nav"
            }
          }
        },
        "meta": {
          "name": "Button_2"
        },
        "position": {
          "height": 35,
          "rotate": {
            "anchor": "0% -135%"
          },
          "width": 100,
          "x": 574,
          "y": 323
        },
        "props": {
          "style": {
            "backgroundColor": "#555555"
          },
          "text": "Alarmas"
        },
        "type": "ia.input.button"
      },
      {
        "events": {
          "dom": {
            "onClick": {
              "config": {
                "params": {},
                "view": "KPI"
              },
              "scope": "C",
              "type": "nav"
            }
          }
        },
        "meta": {
          "name": "Button_3"
        },
        "position": {
          "height": 35,
          "rotate": {
            "anchor": "0% -135%"
          },
          "width": 100,
          "x": 574,
          "y": 373
        },
        "props": {
          "style": {
            "backgroundColor": "#555555"
          },
          "text": "KPI"
        },
        "type": "ia.input.button"
      },
      {
        "meta": {
          "name": "Label"
        },
        "position": {
          "height": 32,
          "rotate": {
            "anchor": "107% 75%"
          },
          "width": 619,
          "x": 40.51824951171875,
          "y": 34
        },
        "props": {
          "text": "Sistema de Supervisión SCADA",
          "textStyle": {
            "color": "#FFFFFF",
            "fontSize": 40,
            "fontWeight": "bold",
            "textAlign": "center"
          }
        },
        "type": "ia.display.label"
      },
      {
        "meta": {
          "name": "Label_6"
        },
        "position": {
          "height": 32,
          "rotate": {
            "anchor": "107% 75%"
          },
          "width": 467,
          "x": 117.01824951171875,
          "y": 80
        },
        "props": {
          "text": "HMI",
          "textStyle": {
            "color": "#FFFFFF",
            "fontSize": 40,
            "fontWeight": "bold",
            "textAlign": "center"
          }
        },
        "type": "ia.display.label"
      },
      {
        "meta": {
          "name": "Label_7"
        },
        "position": {
          "height": 76.01000000000005,
          "rotate": {
            "anchor": "107% 75%"
          },
          "width": 133,
          "x": 66.97999999999999,
          "y": 473.6929384765625
        },
        "props": {
          "text": "Total tubos  cuadrados procesados:",
          "textStyle": {
            "color": "#FFFFFF",
            "fontSize": 20,
            "fontWeight": "bold",
            "textAlign": "left"
          }
        },
        "type": "ia.display.label"
      },
      {
        "events": {
          "dom": {
            "onClick": {
              "config": {
                "script": "\timport time\n\tsystem.tag.write(\"[default]TagsPLC/Program:MainProgram_Start\",1)\n\ttime.sleep(3)\n\tsystem.tag.write(\"[default]TagsPLC/Program:MainProgram_Start\",0)"
              },
              "scope": "G",
              "type": "script"
            }
          }
        },
        "meta": {
          "name": "Button_4"
        },
        "position": {
          "height": 69,
          "width": 153,
          "x": 513.757,
          "y": 515.517
        },
        "props": {
          "style": {
            "backgroundColor": "#FFFDFD"
          },
          "text": "Arranque",
          "textStyle": {
            "color": "#000000"
          }
        },
        "scripts": {
          "customMethods": [
            {
              "name": "runAction",
              "params": [
                "event"
              ],
              "script": "\timport time\n\tsystem.tag.write(\"[default]TagsPLC/Program:MainProgram_Start\",1)\n\ttime.sleep(3)\n\tsystem.tag.write(\"[default]TagsPLC/Program:MainProgram_Start\",0)"
            }
          ],
          "extensionFunctions": null,
          "messageHandlers": []
        },
        "type": "ia.input.button"
      },
      {
        "events": {
          "dom": {
            "onClick": {
              "config": {
                "script": "\timport time\n\tsystem.tag.write(\"[default]TagsPLC/Program:MainProgram_Stop\",1)\n\ttime.sleep(3)\n\tsystem.tag.write(\"[default]TagsPLC/Program:MainProgram_Stop\",0)"
              },
              "scope": "G",
              "type": "script"
            }
          }
        },
        "meta": {
          "name": "Button_5"
        },
        "position": {
          "height": 69,
          "rotate": {
            "anchor": "113% 164%"
          },
          "width": 153,
          "x": 515.548,
          "y": 615.434
        },
        "props": {
          "style": {
            "backgroundColor": "#FFFDFD"
          },
          "text": "Parada",
          "textStyle": {
            "color": "#000000"
          }
        },
        "scripts": {
          "customMethods": [
            {
              "name": "runAction",
              "params": [
                "event"
              ],
              "script": "\timport time\n\tsystem.tag.write(\"[default]TagsPLC/Program:MainProgram_Start\",1)\n\ttime.sleep(3)\n\tsystem.tag.write(\"[default]TagsPLC/Program:MainProgram_Start\",0)"
            }
          ],
          "extensionFunctions": null,
          "messageHandlers": []
        },
        "type": "ia.input.button"
      },
      {
        "meta": {
          "name": "Label_8"
        },
        "position": {
          "height": 76.01000000000005,
          "rotate": {
            "anchor": "107% 75%"
          },
          "width": 133,
          "x": 253.413,
          "y": 473.7634532470703
        },
        "props": {
          "text": "Total tubos  redondos procesados:",
          "textStyle": {
            "color": "#FFFFFF",
            "fontSize": 20,
            "fontWeight": "bold",
            "textAlign": "left"
          }
        },
        "type": "ia.display.label"
      },
      {
        "meta": {
          "name": "Label_0"
        },
        "position": {
          "height": 27,
          "width": 65,
          "x": 101.46615487060546,
          "y": 602.3336259765625
        },
        "propConfig": {
          "props.text": {
            "binding": {
              "config": {
                "fallbackDelay": 2.5,
                "mode": "direct",
                "tagPath": "[default]TagsPLC/Program:MainProgram_Total_tubos_cuadrados"
              },
              "type": "tag"
            }
          }
        },
        "props": {
          "style": {
            "color": "#FAF5F0"
          },
          "textStyle": {
            "fontSize": 60
          }
        },
        "type": "ia.display.label"
      },
      {
        "meta": {
          "name": "Label_1"
        },
        "position": {
          "height": 32,
          "rotate": {
            "anchor": "38% -19%"
          },
          "width": 50,
          "x": 286,
          "y": 599.7346259765625
        },
        "propConfig": {
          "props.text": {
            "binding": {
              "config": {
                "fallbackDelay": 2.5,
                "mode": "direct",
                "publishInitial": false,
                "tagPath": "[default]TagsPLC/Program:MainProgram_Total_tubos_redondos"
              },
              "type": "tag"
            }
          }
        },
        "props": {
          "textStyle": {
            "color": "#F5FFF5",
            "fontSize": 60
          }
        },
        "type": "ia.display.label"
      },
      {
        "meta": {
          "name": "Image"
        },
        "position": {
          "height": 341,
          "width": 436,
          "x": 60.41,
          "y": 128
        },
        "props": {
          "fit": {
            "mode": "contain"
          },
          "source": "/system/images/Vista_Planta.png"
        },
        "type": "ia.display.image"
      }
    ],
    "meta": {
      "name": "root",
      "tooltip": {
        "style": {
          "backgroundColor": "#47FFFF"
        },
        "text": "fdfdf"
      }
    },
    "position": {
      "x": -59,
      "y": -0.005218505859375
    },
    "props": {
      "style": {
        "backgroundColor": "#808080"
      }
    },
    "type": "ia.container.coord"
  }
}