{
  "custom": {},
  "params": {},
  "props": {
    "defaultSize": {
      "width": 1100
    }
  },
  "root": {
    "children": [
      {
        "events": {
          "dom": {
            "onClick": {
              "config": {
                "params": {},
                "view": "View"
              },
              "scope": "C",
              "type": "nav"
            }
          }
        },
        "meta": {
          "name": "Button_0"
        },
        "position": {
          "height": 35,
          "rotate": {
            "anchor": "0% -135%"
          },
          "width": 100,
          "x": 900,
          "y": 150
        },
        "props": {
          "style": {
            "backgroundColor": "#555555"
          },
          "text": "Principal"
        },
        "type": "ia.input.button"
      },
      {
        "events": {
          "dom": {
            "onClick": {
              "config": {
                "params": {},
                "view": "Supervision"
              },
              "scope": "C",
              "type": "nav"
            }
          }
        },
        "meta": {
          "name": "Button"
        },
        "position": {
          "height": 35,
          "rotate": {
            "anchor": "0% -135%"
          },
          "width": 100,
          "x": 900,
          "y": 200
        },
        "props": {
          "style": {
            "backgroundColor": "#555555"
          },
          "text": "Supervisión"
        },
        "type": "ia.input.button"
      },
      {
        "events": {
          "dom": {
            "onClick": {
              "config": {
                "params": {},
                "view": "Historicos"
              },
              "scope": "C",
              "type": "nav"
            }
          }
        },
        "meta": {
          "name": "Button_1"
        },
        "position": {
          "height": 35,
          "rotate": {
            "anchor": "0% -135%"
          },
          "width": 100,
          "x": 900,
          "y": 250
        },
        "props": {
          "style": {
            "backgroundColor": "#555555"
          },
          "text": "Historicos"
        },
        "type": "ia.input.button"
      },
      {
        "events": {
          "dom": {
            "onClick": {
              "config": {
                "params": {},
                "view": "Alarmas"
              },
              "scope": "C",
              "type": "nav"
            }
          }
        },
        "meta": {
          "name": "Button_2"
        },
        "position": {
          "height": 35,
          "rotate": {
            "anchor": "0% -135%"
          },
          "width": 100,
          "x": 900,
          "y": 300
        },
        "props": {
          "style": {
            "backgroundColor": "#555555"
          },
          "text": "Alarmas"
        },
        "type": "ia.input.button"
      },
      {
        "events": {
          "dom": {
            "onClick": {
              "config": {
                "params": {},
                "view": "KPI"
              },
              "scope": "C",
              "type": "nav"
            }
          }
        },
        "meta": {
          "name": "Button_3"
        },
        "position": {
          "height": 35,
          "rotate": {
            "anchor": "0% -135%"
          },
          "width": 100,
          "x": 900,
          "y": 350
        },
        "props": {
          "style": {
            "backgroundColor": "#555555"
          },
          "text": "KPI"
        },
        "type": "ia.input.button"
      },
      {
        "meta": {
          "name": "Label"
        },
        "position": {
          "height": 32,
          "rotate": {
            "anchor": "107% 75%"
          },
          "width": 619,
          "x": 243.50001525878906,
          "y": 34
        },
        "props": {
          "text": "Sistema de Supervisión SCADA",
          "textStyle": {
            "color": "#FFFFFF",
            "fontSize": 40,
            "fontWeight": "bold",
            "textAlign": "center"
          }
        },
        "type": "ia.display.label"
      },
      {
        "meta": {
          "name": "Label_0"
        },
        "position": {
          "height": 32,
          "rotate": {
            "anchor": "107% 75%"
          },
          "width": 467,
          "x": 320,
          "y": 80
        },
        "props": {
          "text": "Supervisión",
          "textStyle": {
            "color": "#FFFFFF",
            "fontSize": 40,
            "fontWeight": "bold",
            "textAlign": "center"
          }
        },
        "type": "ia.display.label"
      },
      {
        "meta": {
          "name": "Label_1"
        },
        "position": {
          "height": 32,
          "rotate": {
            "anchor": "107% 75%"
          },
          "width": 467,
          "x": 320,
          "y": 80
        },
        "props": {
          "text": "Supervisión",
          "textStyle": {
            "color": "#FFFFFF",
            "fontSize": 40,
            "fontWeight": "bold",
            "textAlign": "center"
          }
        },
        "type": "ia.display.label"
      },
      {
        "meta": {
          "name": "Label_2"
        },
        "position": {
          "height": 32,
          "rotate": {
            "anchor": "107% 75%"
          },
          "width": 467,
          "x": 319,
          "y": 127
        },
        "props": {
          "text": "Corte",
          "textStyle": {
            "color": "#FFFFFF",
            "fontSize": 40,
            "fontWeight": "bold",
            "textAlign": "center"
          }
        },
        "type": "ia.display.label"
      },
      {
        "events": {
          "dom": {
            "onClick": {
              "config": {
                "params": {},
                "view": "Supervision"
              },
              "scope": "C",
              "type": "nav"
            }
          }
        },
        "meta": {
          "name": "Button_6"
        },
        "position": {
          "height": 50,
          "rotate": {
            "anchor": "50% 1321%"
          },
          "width": 150,
          "x": 681,
          "y": 650
        },
        "props": {
          "primary": false,
          "text": "General",
          "textStyle": {
            "fontSize": 20
          }
        },
        "type": "ia.input.button"
      },
      {
        "events": {
          "dom": {
            "onClick": {
              "config": {
                "params": {},
                "view": "Soldadura"
              },
              "scope": "C",
              "type": "nav"
            }
          }
        },
        "meta": {
          "name": "Button_4"
        },
        "position": {
          "height": 50,
          "rotate": {
            "anchor": "50% 1321%"
          },
          "width": 150,
          "x": 481,
          "y": 650
        },
        "props": {
          "primary": false,
          "text": "Soldadura",
          "textStyle": {
            "fontSize": 20
          }
        },
        "type": "ia.input.button"
      },
      {
        "events": {
          "dom": {
            "onClick": {
              "config": {
                "params": {},
                "view": "Corte"
              },
              "scope": "C",
              "type": "nav"
            }
          }
        },
        "meta": {
          "name": "Button_5"
        },
        "position": {
          "height": 50,
          "rotate": {
            "anchor": "50% 1321%"
          },
          "width": 150,
          "x": 281,
          "y": 650
        },
        "props": {
          "primary": false,
          "text": "Corte",
          "textStyle": {
            "fontSize": 20
          }
        },
        "type": "ia.input.button"
      }
    ],
    "meta": {
      "name": "root"
    },
    "props": {
      "style": {
        "backgroundColor": "#808080"
      }
    },
    "type": "ia.container.coord"
  }
}