{
  "custom": {},
  "params": {},
  "props": {
    "defaultSize": {
      "width": 700
    }
  },
  "root": {
    "children": [
      {
        "events": {
          "dom": {
            "onClick": {
              "config": {
                "params": {},
                "view": "View"
              },
              "scope": "C",
              "type": "nav"
            }
          }
        },
        "meta": {
          "name": "Button_0"
        },
        "position": {
          "height": 35,
          "rotate": {
            "anchor": "0% -135%"
          },
          "width": 100,
          "x": 42.5,
          "y": 216.5
        },
        "props": {
          "style": {
            "backgroundColor": "#555555"
          },
          "text": "Principal"
        },
        "type": "ia.input.button"
      },
      {
        "events": {
          "dom": {
            "onClick": {
              "config": {
                "params": {},
                "view": "Supervision"
              },
              "scope": "C",
              "type": "nav"
            }
          }
        },
        "meta": {
          "name": "Button"
        },
        "position": {
          "height": 35,
          "rotate": {
            "anchor": "0% -135%"
          },
          "width": 100,
          "x": 42.5,
          "y": 266.5
        },
        "props": {
          "style": {
            "backgroundColor": "#555555"
          },
          "text": "Supervisión"
        },
        "type": "ia.input.button"
      },
      {
        "events": {
          "dom": {
            "onClick": {
              "config": {
                "params": {},
                "view": "Historicos"
              },
              "scope": "C",
              "type": "nav"
            }
          }
        },
        "meta": {
          "name": "Button_1"
        },
        "position": {
          "height": 35,
          "rotate": {
            "anchor": "0% -135%"
          },
          "width": 100,
          "x": 42.5,
          "y": 316.5
        },
        "props": {
          "style": {
            "backgroundColor": "#555555"
          },
          "text": "Historicos"
        },
        "type": "ia.input.button"
      },
      {
        "events": {
          "dom": {
            "onClick": {
              "config": {
                "params": {},
                "view": "Alarmas"
              },
              "scope": "C",
              "type": "nav"
            }
          }
        },
        "meta": {
          "name": "Button_2"
        },
        "position": {
          "height": 35,
          "rotate": {
            "anchor": "0% -135%"
          },
          "width": 100,
          "x": 42.5,
          "y": 366.5
        },
        "props": {
          "style": {
            "backgroundColor": "#555555"
          },
          "text": "Alarmas"
        },
        "type": "ia.input.button"
      },
      {
        "events": {
          "dom": {
            "onClick": {
              "config": {
                "params": {},
                "view": "KPI"
              },
              "scope": "C",
              "type": "nav"
            }
          }
        },
        "meta": {
          "name": "Button_3"
        },
        "position": {
          "height": 35,
          "rotate": {
            "anchor": "0% -135%"
          },
          "width": 100,
          "x": 42.5,
          "y": 416.5
        },
        "props": {
          "style": {
            "backgroundColor": "#555555"
          },
          "text": "KPI"
        },
        "type": "ia.input.button"
      },
      {
        "meta": {
          "name": "Label"
        },
        "position": {
          "height": 32,
          "rotate": {
            "anchor": "107% 75%"
          },
          "width": 619,
          "x": 57.5,
          "y": 34
        },
        "props": {
          "text": "Sistema de Supervisión SCADA",
          "textStyle": {
            "color": "#FFFFFF",
            "fontSize": 40,
            "fontWeight": "bold",
            "textAlign": "center"
          }
        },
        "type": "ia.display.label"
      },
      {
        "meta": {
          "name": "Label_0"
        },
        "position": {
          "height": 32,
          "rotate": {
            "anchor": "107% 75%"
          },
          "width": 467,
          "x": 134,
          "y": 80
        },
        "props": {
          "text": "Supervisión",
          "textStyle": {
            "color": "#FFFFFF",
            "fontSize": 40,
            "fontWeight": "bold",
            "textAlign": "center"
          }
        },
        "type": "ia.display.label"
      },
      {
        "meta": {
          "name": "Label_1"
        },
        "position": {
          "height": 32,
          "rotate": {
            "anchor": "107% 75%"
          },
          "width": 467,
          "x": 142.11100143051146,
          "y": 137
        },
        "props": {
          "text": "Mímicos de Proceso",
          "textStyle": {
            "color": "#FFFFFF",
            "fontSize": 40,
            "fontWeight": "bold",
            "textAlign": "center"
          }
        },
        "type": "ia.display.label"
      },
      {
        "meta": {
          "name": "Label_2"
        },
        "position": {
          "height": 32,
          "rotate": {
            "anchor": "107% 75%"
          },
          "width": 467,
          "x": 229.96822082519532,
          "y": 234.00267639160157
        },
        "props": {
          "text": "Cortadora",
          "textStyle": {
            "color": "#FFFFFF",
            "fontSize": 20,
            "fontWeight": "bold",
            "textAlign": "center"
          }
        },
        "type": "ia.display.label"
      },
      {
        "meta": {
          "name": "Label_3"
        },
        "position": {
          "height": 32,
          "rotate": {
            "anchor": "107% 75%"
          },
          "width": 467,
          "x": 237.48622082519532,
          "y": 282.00667639160156
        },
        "props": {
          "text": "Detenido",
          "textStyle": {
            "color": "#FFFFFF",
            "fontSize": 20,
            "fontWeight": "normal",
            "textAlign": "center"
          }
        },
        "type": "ia.display.label"
      },
      {
        "meta": {
          "name": "Label_4"
        },
        "position": {
          "height": 32,
          "rotate": {
            "anchor": "107% 75%"
          },
          "width": 467,
          "x": 237.48622082519532,
          "y": 322.00667639160156
        },
        "props": {
          "text": "En operación",
          "textStyle": {
            "color": "#FFFFFF",
            "fontSize": 20,
            "fontWeight": "normal",
            "textAlign": "center"
          }
        },
        "type": "ia.display.label"
      },
      {
        "meta": {
          "name": "Checkbox_4"
        },
        "position": {
          "height": 36,
          "rotate": {
            "anchor": "25% 25%"
          },
          "width": 56,
          "x": 347.5775355682373,
          "y": 283.5205444335937
        },
        "propConfig": {
          "props.selected": {
            "binding": {
              "config": {
                "fallbackDelay": 2.5,
                "mode": "direct",
                "tagPath": "[default]TagsPLC/Program:MainProgram_Corte_activo"
              },
              "transforms": [
                {
                  "fallback": null,
                  "inputType": "scalar",
                  "mappings": [
                    {
                      "input": true,
                      "output": false
                    },
                    {
                      "input": false,
                      "output": true
                    }
                  ],
                  "outputType": "scalar",
                  "type": "map"
                }
              ],
              "type": "tag"
            }
          }
        },
        "props": {
          "checkedIcon": {
            "style": {
              "backgroundColor": "#F3E9E9",
              "fill": "#F7DADA",
              "stroke": "#040000"
            }
          },
          "text": ""
        },
        "type": "ia.input.checkbox"
      },
      {
        "meta": {
          "name": "Checkbox_5"
        },
        "position": {
          "height": 36,
          "rotate": {
            "anchor": "25% 25%"
          },
          "width": 56,
          "x": 348.0265331840515,
          "y": 315.01654443359377
        },
        "propConfig": {
          "props.selected": {
            "binding": {
              "config": {
                "fallbackDelay": 2.5,
                "mode": "direct",
                "tagPath": "[default]TagsPLC/Program:MainProgram_Corte_activo"
              },
              "type": "tag"
            }
          }
        },
        "props": {
          "checkedIcon": {
            "style": {
              "backgroundColor": "#F3E9E9",
              "fill": "#F7DADA",
              "stroke": "#040000"
            }
          },
          "text": ""
        },
        "type": "ia.input.checkbox"
      },
      {
        "meta": {
          "name": "Label_5"
        },
        "position": {
          "height": 32,
          "rotate": {
            "anchor": "107% 75%"
          },
          "width": 467,
          "x": 238.343,
          "y": 486.007
        },
        "props": {
          "text": "En operación",
          "textStyle": {
            "color": "#FFFFFF",
            "fontSize": 20,
            "fontWeight": "normal",
            "textAlign": "center"
          }
        },
        "type": "ia.display.label"
      },
      {
        "meta": {
          "name": "Label_6"
        },
        "position": {
          "height": 32,
          "rotate": {
            "anchor": "107% 75%"
          },
          "width": 467,
          "x": 238.343,
          "y": 446.007
        },
        "props": {
          "text": "Detenido",
          "textStyle": {
            "color": "#FFFFFF",
            "fontSize": 20,
            "fontWeight": "normal",
            "textAlign": "center"
          }
        },
        "type": "ia.display.label"
      },
      {
        "meta": {
          "name": "Label_7"
        },
        "position": {
          "height": 32,
          "rotate": {
            "anchor": "107% 75%"
          },
          "width": 467,
          "x": 230.825,
          "y": 398.003
        },
        "props": {
          "text": "Robot IRB2400",
          "textStyle": {
            "color": "#FFFFFF",
            "fontSize": 20,
            "fontWeight": "bold",
            "textAlign": "center"
          }
        },
        "type": "ia.display.label"
      },
      {
        "meta": {
          "name": "Checkbox_6"
        },
        "position": {
          "height": 36,
          "rotate": {
            "anchor": "25% 25%"
          },
          "width": 56,
          "x": 348.435,
          "y": 447.521
        },
        "propConfig": {
          "props.selected": {
            "binding": {
              "config": {
                "fallbackDelay": 2.5,
                "mode": "direct",
                "tagPath": "[default]TagsPLC/Program:MainProgram_Robot_ocupado"
              },
              "transforms": [
                {
                  "fallback": null,
                  "inputType": "scalar",
                  "mappings": [
                    {
                      "input": true,
                      "output": false
                    },
                    {
                      "input": false,
                      "output": true
                    }
                  ],
                  "outputType": "scalar",
                  "type": "map"
                }
              ],
              "type": "tag"
            }
          }
        },
        "props": {
          "checkedIcon": {
            "style": {
              "backgroundColor": "#F3E9E9",
              "fill": "#F7DADA",
              "stroke": "#040000"
            }
          },
          "text": ""
        },
        "type": "ia.input.checkbox"
      },
      {
        "meta": {
          "name": "Checkbox_7"
        },
        "position": {
          "height": 36,
          "rotate": {
            "anchor": "25% 25%"
          },
          "width": 56,
          "x": 348.884,
          "y": 479.017
        },
        "propConfig": {
          "props.selected": {
            "binding": {
              "config": {
                "fallbackDelay": 2.5,
                "mode": "direct",
                "tagPath": "[default]TagsPLC/Program:MainProgram_Robot_ocupado"
              },
              "type": "tag"
            }
          }
        },
        "props": {
          "checkedIcon": {
            "style": {
              "backgroundColor": "#F3E9E9",
              "fill": "#F7DADA",
              "stroke": "#040000"
            }
          },
          "text": ""
        },
        "type": "ia.input.checkbox"
      },
      {
        "meta": {
          "name": "Label_8"
        },
        "position": {
          "height": 32,
          "rotate": {
            "anchor": "107% 75%"
          },
          "width": 467,
          "x": 234.2,
          "y": 674.0070000000001
        },
        "props": {
          "text": "En operación",
          "textStyle": {
            "color": "#FFFFFF",
            "fontSize": 20,
            "fontWeight": "normal",
            "textAlign": "center"
          }
        },
        "type": "ia.display.label"
      },
      {
        "meta": {
          "name": "Label_9"
        },
        "position": {
          "height": 32,
          "rotate": {
            "anchor": "107% 75%"
          },
          "width": 467,
          "x": 234.2,
          "y": 634.0070000000001
        },
        "props": {
          "text": "Detenido",
          "textStyle": {
            "color": "#FFFFFF",
            "fontSize": 20,
            "fontWeight": "normal",
            "textAlign": "center"
          }
        },
        "type": "ia.display.label"
      },
      {
        "meta": {
          "name": "Checkbox_8"
        },
        "position": {
          "height": 36,
          "rotate": {
            "anchor": "25% 25%"
          },
          "width": 56,
          "x": 344.292,
          "y": 635.521
        },
        "propConfig": {
          "props.selected": {
            "binding": {
              "config": {
                "fallbackDelay": 2.5,
                "mode": "direct",
                "tagPath": "[default]TagsPLC/Program:MainProgram_S2"
              },
              "transforms": [
                {
                  "fallback": null,
                  "inputType": "scalar",
                  "mappings": [
                    {
                      "input": true,
                      "output": false
                    },
                    {
                      "input": false,
                      "output": true
                    }
                  ],
                  "outputType": "scalar",
                  "type": "map"
                }
              ],
              "type": "tag"
            }
          }
        },
        "props": {
          "checkedIcon": {
            "style": {
              "backgroundColor": "#F3E9E9",
              "fill": "#F7DADA",
              "stroke": "#040000"
            }
          },
          "text": ""
        },
        "type": "ia.input.checkbox"
      },
      {
        "meta": {
          "name": "Checkbox_9"
        },
        "position": {
          "height": 36,
          "rotate": {
            "anchor": "25% 25%"
          },
          "width": 56,
          "x": 344.741,
          "y": 667.017
        },
        "propConfig": {
          "props.selected": {
            "binding": {
              "config": {
                "fallbackDelay": 2.5,
                "mode": "direct",
                "tagPath": "[default]TagsPLC/Program:MainProgram_S2"
              },
              "type": "tag"
            }
          }
        },
        "props": {
          "checkedIcon": {
            "style": {
              "backgroundColor": "#F3E9E9",
              "fill": "#F7DADA",
              "stroke": "#040000"
            }
          },
          "text": ""
        },
        "type": "ia.input.checkbox"
      },
      {
        "meta": {
          "name": "Label_10"
        },
        "position": {
          "height": 32,
          "rotate": {
            "anchor": "107% 75%"
          },
          "width": 467,
          "x": 226.682,
          "y": 586.0029999999999
        },
        "props": {
          "text": "Dobladora ",
          "textStyle": {
            "color": "#FFFFFF",
            "fontSize": 20,
            "fontWeight": "bold",
            "textAlign": "center"
          }
        },
        "type": "ia.display.label"
      },
      {
        "meta": {
          "name": "Image"
        },
        "position": {
          "height": 125,
          "width": 125,
          "x": 200.47307360839844,
          "y": 233.98754443359374
        },
        "props": {
          "fit": {
            "mode": "fill"
          },
          "source": "/system/images/sierra-de-ruedas.png"
        },
        "type": "ia.display.image"
      },
      {
        "meta": {
          "name": "brazo-robotico"
        },
        "position": {
          "height": 150,
          "width": 150,
          "x": 175.5,
          "y": 394.531625
        },
        "props": {
          "fit": {
            "mode": "fill"
          },
          "source": "/system/images/brazo-robotico.png"
        },
        "type": "ia.display.image"
      },
      {
        "meta": {
          "name": "tube bender"
        },
        "position": {
          "height": 150,
          "width": 150,
          "x": 175.5,
          "y": 588
        },
        "props": {
          "fit": {
            "mode": "fill"
          },
          "source": "/system/images/tube bender.png"
        },
        "type": "ia.display.image"
      }
    ],
    "meta": {
      "name": "root"
    },
    "props": {
      "style": {
        "backgroundColor": "#808080"
      }
    },
    "type": "ia.container.coord"
  }
}