{
  "custom": {},
  "params": {},
  "props": {
    "defaultSize": {
      "width": 1100
    }
  },
  "root": {
    "children": [
      {
        "events": {
          "dom": {
            "onClick": {
              "config": {
                "params": {},
                "view": "View"
              },
              "scope": "C",
              "type": "nav"
            }
          }
        },
        "meta": {
          "name": "Button_0"
        },
        "position": {
          "height": 35,
          "rotate": {
            "anchor": "0% -135%"
          },
          "width": 100,
          "x": 900,
          "y": 150
        },
        "props": {
          "style": {
            "backgroundColor": "#555555"
          },
          "text": "Principal"
        },
        "type": "ia.input.button"
      },
      {
        "events": {
          "dom": {
            "onClick": {
              "config": {
                "params": {},
                "view": "Supervision"
              },
              "scope": "C",
              "type": "nav"
            }
          }
        },
        "meta": {
          "name": "Button"
        },
        "position": {
          "height": 35,
          "rotate": {
            "anchor": "0% -135%"
          },
          "width": 100,
          "x": 900,
          "y": 200
        },
        "props": {
          "style": {
            "backgroundColor": "#555555"
          },
          "text": "Supervisión"
        },
        "type": "ia.input.button"
      },
      {
        "events": {
          "dom": {
            "onClick": {
              "config": {
                "params": {},
                "view": "Historicos"
              },
              "scope": "C",
              "type": "nav"
            }
          }
        },
        "meta": {
          "name": "Button_1"
        },
        "position": {
          "height": 35,
          "rotate": {
            "anchor": "0% -135%"
          },
          "width": 100,
          "x": 900,
          "y": 250
        },
        "props": {
          "style": {
            "backgroundColor": "#555555"
          },
          "text": "Historicos"
        },
        "type": "ia.input.button"
      },
      {
        "events": {
          "dom": {
            "onClick": {
              "config": {
                "params": {},
                "view": "Alarmas"
              },
              "scope": "C",
              "type": "nav"
            }
          }
        },
        "meta": {
          "name": "Button_2"
        },
        "position": {
          "height": 35,
          "rotate": {
            "anchor": "0% -135%"
          },
          "width": 100,
          "x": 900,
          "y": 300
        },
        "props": {
          "style": {
            "backgroundColor": "#555555"
          },
          "text": "Alarmas"
        },
        "type": "ia.input.button"
      },
      {
        "events": {
          "dom": {
            "onClick": {
              "config": {
                "params": {},
                "view": "KPI"
              },
              "scope": "C",
              "type": "nav"
            }
          }
        },
        "meta": {
          "name": "Button_3"
        },
        "position": {
          "height": 35,
          "rotate": {
            "anchor": "0% -135%"
          },
          "width": 100,
          "x": 900,
          "y": 350
        },
        "props": {
          "style": {
            "backgroundColor": "#555555"
          },
          "text": "KPI"
        },
        "type": "ia.input.button"
      },
      {
        "meta": {
          "name": "Label"
        },
        "position": {
          "height": 32,
          "rotate": {
            "anchor": "107% 75%"
          },
          "width": 619,
          "x": 243.50001525878906,
          "y": 34
        },
        "props": {
          "text": "Sistema de Supervisión SCADA",
          "textStyle": {
            "color": "#FFFFFF",
            "fontSize": 40,
            "fontWeight": "bold",
            "textAlign": "center"
          }
        },
        "type": "ia.display.label"
      },
      {
        "meta": {
          "name": "Label_0"
        },
        "position": {
          "height": 32,
          "rotate": {
            "anchor": "107% 75%"
          },
          "width": 467,
          "x": 320,
          "y": 80
        },
        "props": {
          "text": "Historicos",
          "textStyle": {
            "color": "#FFFFFF",
            "fontSize": 40,
            "fontWeight": "bold",
            "textAlign": "center"
          }
        },
        "type": "ia.display.label"
      },
      {
        "meta": {
          "name": "TimeSeriesChart_1"
        },
        "position": {
          "height": 191,
          "width": 341,
          "x": 382.5,
          "y": 550
        },
        "props": {
          "series": [
            {
              "data": [
                {
                  "Pressure": 12,
                  "Temperature": 52,
                  "time": 1560469431423
                },
                {
                  "Pressure": 42,
                  "Temperature": 18,
                  "time": 1560469432423
                },
                {
                  "Pressure": 81,
                  "Temperature": 26,
                  "time": 1560469433423
                },
                {
                  "Pressure": 11,
                  "Temperature": 63,
                  "time": 1560469434423
                },
                {
                  "Pressure": 23,
                  "Temperature": 65,
                  "time": 1560469435423
                },
                {
                  "Pressure": 43,
                  "Temperature": 12,
                  "time": 1560469436423
                },
                {
                  "Pressure": 71,
                  "Temperature": 61,
                  "time": 1560469437423
                },
                {
                  "Pressure": 89,
                  "Temperature": 60,
                  "time": 1560469438423
                },
                {
                  "Pressure": 66,
                  "Temperature": 58,
                  "time": 1560469439423
                },
                {
                  "Pressure": 33,
                  "Temperature": 1,
                  "time": 1560469440423
                }
              ],
              "name": "Boiler"
            }
          ]
        },
        "type": "ia.chart.timeseries"
      },
      {
        "meta": {
          "name": "TimeSeriesChart_0"
        },
        "position": {
          "height": 191,
          "width": 341,
          "x": 382.5,
          "y": 350
        },
        "props": {
          "series": [
            {
              "data": [
                {
                  "Pressure": 12,
                  "Temperature": 52,
                  "time": 1560469431423
                },
                {
                  "Pressure": 42,
                  "Temperature": 18,
                  "time": 1560469432423
                },
                {
                  "Pressure": 81,
                  "Temperature": 26,
                  "time": 1560469433423
                },
                {
                  "Pressure": 11,
                  "Temperature": 63,
                  "time": 1560469434423
                },
                {
                  "Pressure": 23,
                  "Temperature": 65,
                  "time": 1560469435423
                },
                {
                  "Pressure": 43,
                  "Temperature": 12,
                  "time": 1560469436423
                },
                {
                  "Pressure": 71,
                  "Temperature": 61,
                  "time": 1560469437423
                },
                {
                  "Pressure": 89,
                  "Temperature": 60,
                  "time": 1560469438423
                },
                {
                  "Pressure": 66,
                  "Temperature": 58,
                  "time": 1560469439423
                },
                {
                  "Pressure": 33,
                  "Temperature": 1,
                  "time": 1560469440423
                }
              ],
              "name": "Boiler"
            }
          ]
        },
        "type": "ia.chart.timeseries"
      },
      {
        "meta": {
          "name": "TimeSeriesChart"
        },
        "position": {
          "height": 191,
          "width": 341,
          "x": 382.5,
          "y": 149.5
        },
        "props": {
          "series": [
            {
              "data": [
                {
                  "Pressure": 12,
                  "Temperature": 52,
                  "time": 1560469431423
                },
                {
                  "Pressure": 42,
                  "Temperature": 18,
                  "time": 1560469432423
                },
                {
                  "Pressure": 81,
                  "Temperature": 26,
                  "time": 1560469433423
                },
                {
                  "Pressure": 11,
                  "Temperature": 63,
                  "time": 1560469434423
                },
                {
                  "Pressure": 23,
                  "Temperature": 65,
                  "time": 1560469435423
                },
                {
                  "Pressure": 43,
                  "Temperature": 12,
                  "time": 1560469436423
                },
                {
                  "Pressure": 71,
                  "Temperature": 61,
                  "time": 1560469437423
                },
                {
                  "Pressure": 89,
                  "Temperature": 60,
                  "time": 1560469438423
                },
                {
                  "Pressure": 66,
                  "Temperature": 58,
                  "time": 1560469439423
                },
                {
                  "Pressure": 33,
                  "Temperature": 1,
                  "time": 1560469440423
                }
              ],
              "name": "Boiler"
            }
          ]
        },
        "type": "ia.chart.timeseries"
      }
    ],
    "meta": {
      "name": "root"
    },
    "props": {
      "style": {
        "backgroundColor": "#808080"
      }
    },
    "type": "ia.container.coord"
  }
}